hazard_count,num_episodes,n_tasks,rescue_rate_mean,rescue_rate_median,rescue_rate_std,rescue_rate_q25,rescue_rate_q75,tasks_rescued_pct,tasks_rescued_mean,full_success_rate,full_success_count,failure_count
1,20,3,0.733333,1.000000,0.343188,0.583333,1.000000,73.3333,2.2000,0.550000,11.0000,9.0000
2,20,3,0.566667,0.666667,0.366667,0.333333,1.000000,56.6667,1.7000,0.300000,6.0000,14.0000
3,20,3,0.383333,0.333333,0.321023,0.000000,0.666667,38.3333,1.1500,0.100000,2.0000,18.0000
4,20,3,0.350000,0.333333,0.306866,0.000000,0.666667,35.0000,1.0500,0.050000,1.0000,19.0000
5,20,3,0.316667,0.333333,0.288194,0.000000,0.416667,31.6667,0.9500,0.050000,1.0000,19.0000
