hazard_count,num_episodes,n_realizations,n_tasks,rescue_rate_mean,rescue_rate_median,rescue_rate_std,rescue_rate_q25,rescue_rate_q75,tasks_rescued_pct,tasks_rescued_mean,full_success_rate,full_success_count,failure_count
1,10,3,2,0.583333,0.500000,0.327024,0.500000,0.916667,58.3333,1.1667,0.300000,3.0000,7.0000
2,10,3,2,0.416667,0.500000,0.327024,0.041667,0.666667,41.6667,0.8333,0.000000,0.0000,10.0000
3,10,3,2,0.366667,0.500000,0.244949,0.125000,0.500000,36.6667,0.7333,0.000000,0.0000,10.0000
4,10,3,2,0.283333,0.416667,0.236291,0.000000,0.500000,28.3333,0.5667,0.000000,0.0000,10.0000
5,10,3,2,0.283333,0.416667,0.236291,0.000000,0.500000,28.3333,0.5667,0.000000,0.0000,10.0000
