spread_rate,num_episodes,n_realizations,n_tasks,rescue_rate_mean,rescue_rate_median,rescue_rate_std,rescue_rate_q25,rescue_rate_q75,tasks_rescued_pct,tasks_rescued_mean,full_success_rate,full_success_count,failure_count
0.0200,10,3,2,0.416667,0.500000,0.327024,0.041667,0.666667,41.6667,0.8333,0.000000,0.0000,10.0000
0.0400,10,3,2,0.266667,0.166667,0.280872,0.000000,0.500000,26.6667,0.5333,0.000000,0.0000,10.0000
0.0600,10,3,2,0.250000,0.083333,0.318416,0.000000,0.458333,25.0000,0.5000,0.100000,1.0000,9.0000
0.0800,10,3,2,0.216667,0.083333,0.279384,0.000000,0.416667,21.6667,0.4333,0.000000,0.0000,10.0000
0.1000,10,3,2,0.166667,0.000000,0.223607,0.000000,0.416667,16.6667,0.3333,0.000000,0.0000,10.0000
