spread_rate,num_episodes,n_tasks,rescue_rate_mean,rescue_rate_median,rescue_rate_std,rescue_rate_q25,rescue_rate_q75,tasks_rescued_pct,tasks_rescued_mean,full_success_rate,full_success_count,failure_count
0.0200,20,3,0.566667,0.666667,0.366667,0.333333,1.000000,56.6667,1.7000,0.300000,6.0000,14.0000
0.0400,20,3,0.383333,0.333333,0.337886,0.000000,0.666667,38.3333,1.1500,0.100000,2.0000,18.0000
0.0600,20,3,0.416667,0.333333,0.331243,0.000000,0.666667,41.6667,1.2500,0.100000,2.0000,18.0000
0.0800,20,3,0.400000,0.333333,0.326599,0.000000,0.666667,40.0000,1.2000,0.100000,2.0000,18.0000
0.1000,20,3,0.300000,0.333333,0.276887,0.000000,0.666667,30.0000,0.9000,0.000000,0.0000,20.0000
