num_tasks,num_episodes,n_realizations,n_tasks,rescue_rate_mean,rescue_rate_median,rescue_rate_std,rescue_rate_q25,rescue_rate_q75,tasks_rescued_pct,tasks_rescued_mean,full_success_rate,full_success_count,failure_count
2,10,3,2,0.416667,0.500000,0.327024,0.041667,0.666667,41.6667,0.8333,0.000000,0.0000,10.0000
3,10,3,3,0.555556,0.666667,0.354860,0.333333,0.833333,55.5556,1.6667,0.200000,2.0000,8.0000
4,10,3,4,0.425000,0.500000,0.180470,0.354167,0.500000,42.5000,1.7000,0.000000,0.0000,10.0000
5,10,3,5,0.466667,0.533333,0.212916,0.350000,0.600000,46.6667,2.3333,0.000000,0.0000,10.0000
