num_tasks,num_episodes,n_tasks,rescue_rate_mean,rescue_rate_median,rescue_rate_std,rescue_rate_q25,rescue_rate_q75,tasks_rescued_pct,tasks_rescued_mean,full_success_rate,full_success_count,failure_count
2,20,2,0.375000,0.500000,0.349106,0.000000,0.500000,37.5000,0.7500,0.150000,3.0000,17.0000
3,20,3,0.566667,0.666667,0.366667,0.333333,1.000000,56.6667,1.7000,0.300000,6.0000,14.0000
4,20,4,0.337500,0.250000,0.276982,0.250000,0.500000,33.7500,1.3500,0.050000,1.0000,19.0000
5,20,5,0.520000,0.500000,0.256125,0.400000,0.800000,52.0000,2.6000,0.050000,1.0000,19.0000
