task_count,num_trials,success_rate_mean,success_count,tasks_rescued_pct,failure_count
2,8,0.9507291666666666,7.605833333333333,97.55208333333333,0.394166666666667
3,8,0.9101041666666667,7.280833333333334,97.00347222222223,0.7191666666666663
4,8,0.9097916666666667,7.278333333333333,95.80989583333333,0.7216666666666667
5,8,0.85875,6.87,94.99791666666667,1.13
